date,transaction_id,customer_id,product_type,state,is_new_customer,transaction_status,is_injected,anomaly_label
2024-10-01 00:07:00,T000846,C0194,auto_loan,TX,False,denied,False,
2024-10-01 09:30:00,T000901,C0175,mortgage,TX,False,denied,False,
2024-10-01 09:56:00,T000381,C0274,mortgage,WA,False,approved,False,
2024-10-01 10:22:00,T000303,C0252,personal_loan,NY,True,approved,False,
2024-10-01 11:58:00,T000465,C0154,mortgage,NY,False,approved,False,
2024-10-01 12:34:00,T000707,C0220,personal_loan,GA,False,denied,False,
2024-10-01 13:44:00,T000845,C0271,credit_card,CO,False,approved,False,
2024-10-01 14:23:00,T000575,C0020,credit_card,NY,True,denied,False,
2024-10-01 16:07:00,T000104,C0242,credit_card,FL,False,approved,False,
2024-10-01 17:51:00,T000773,C0218,auto_loan,WA,False,approved,False,
2024-10-02 06:42:00,T000300,C0124,personal_loan,NY,False,denied,False,
2024-10-02 10:09:00,T000233,C0245,mortgage,AZ,False,approved,False,
2024-10-02 10:32:00,T000540,C0160,personal_loan,OH,False,approved,False,
2024-10-02 10:33:00,T000410,C0110,mortgage,IL,False,approved,False,
2024-10-02 10:58:00,T000478,C0283,auto_loan,AZ,True,approved,False,
2024-10-02 12:08:00,T000801,C0185,mortgage,IL,True,denied,False,
2024-10-02 12:19:00,T000889,C0123,personal_loan,IL,True,approved,False,
2024-10-02 13:29:00,T000839,C0036,mortgage,TX,False,approved,False,
2024-10-02 15:20:00,T000369,C0166,credit_card,FL,False,approved,False,
2024-10-02 16:14:00,T000790,C0151,mortgage,TX,False,approved,False,
2024-10-02 19:25:00,T000415,C0229,auto_loan,TX,False,approved,False,
2024-10-03 08:17:00,T000787,C0117,auto_loan,FL,False,approved,False,
2024-10-03 09:57:00,T000830,C0088,personal_loan,CO,False,approved,False,
2024-10-03 10:00:00,T000429,C0193,mortgage,CA,False,approved,False,
2024-10-03 11:06:00,T000272,C0156,auto_loan,NY,True,approved,False,
2024-10-03 12:44:00,T000821,C0025,personal_loan,OH,False,approved,False,
2024-10-03 14:01:00,T000170,C0280,personal_loan,GA,False,approved,False,
2024-10-03 15:45:00,T000138,C0086,credit_card,CA,False,denied,False,
2024-10-03 16:33:00,T000454,C0087,personal_loan,CA,False,denied,False,
2024-10-03 17:50:00,T000385,C0120,auto_loan,OH,False,approved,False,
2024-10-04 08:47:00,T000250,C0228,personal_loan,TX,False,denied,False,
2024-10-04 10:30:00,T000147,C0119,credit_card,TX,False,approved,False,
2024-10-04 11:09:00,T000902,C0013,auto_loan,AZ,True,approved,False,
2024-10-04 11:37:00,T000562,C0072,personal_loan,GA,False,approved,False,
2024-10-04 11:45:00,T000328,C0037,mortgage,NY,False,approved,False,
2024-10-04 13:11:00,T000056,C0103,auto_loan,CA,False,approved,False,
2024-10-04 13:38:00,T000870,C0252,credit_card,WA,False,approved,False,
2024-10-04 17:26:00,T000811,C0253,personal_loan,AZ,True,approved,False,
2024-10-04 18:13:00,T000817,C0108,auto_loan,TX,False,approved,False,
2024-10-04 18:46:00,T000117,C0192,mortgage,TX,False,approved,False,
2024-10-04 18:59:00,T000844,C0207,auto_loan,CA,False,approved,False,
2024-10-04 23:15:00,T000663,C0197,auto_loan,GA,True,approved,False,
2024-10-05 08:17:00,T000584,C0112,auto_loan,AZ,True,approved,False,
2024-10-05 08:54:00,T000397,C0073,credit_card,GA,False,approved,False,
2024-10-05 10:46:00,T000352,C0061,mortgage,NY,False,denied,False,
2024-10-05 12:14:00,T000898,C0167,personal_loan,IL,False,approved,False,
2024-10-05 12:36:00,T000542,C0241,credit_card,OH,False,approved,False,
2024-10-05 14:24:00,T000848,C0249,auto_loan,OH,False,approved,False,
2024-10-05 14:51:00,T000574,C0048,auto_loan,WA,False,approved,False,
2024-10-05 16:12:00,T000699,C0097,personal_loan,IL,False,approved,False,
2024-10-05 17:37:00,T000887,C0285,personal_loan,CO,False,approved,False,
2024-10-05 19:09:00,T000546,C0235,mortgage,CA,True,denied,False,
2024-10-06 10:14:00,T000279,C0198,credit_card,AZ,True,approved,False,
2024-10-06 11:16:00,T000150,C0034,personal_loan,FL,False,denied,False,
2024-10-06 12:26:00,T000036,C0219,credit_card,NY,False,approved,False,
2024-10-06 15:22:00,T000619,C0074,auto_loan,CA,False,denied,False,
2024-10-06 17:58:00,T000858,C0185,credit_card,CA,True,approved,False,
2024-10-06 18:47:00,T000518,C0076,personal_loan,CA,False,approved,False,
2024-10-07 07:21:00,T000045,C0051,auto_loan,TX,False,approved,False,
2024-10-07 09:40:00,T000387,C0062,mortgage,CO,False,denied,False,
2024-10-07 09:54:00,T000899,C0240,personal_loan,AZ,True,approved,False,
2024-10-07 12:03:00,T000659,C0282,auto_loan,AZ,True,approved,False,
2024-10-07 12:13:00,T000069,C0023,auto_loan,TX,False,approved,False,
2024-10-08 00:20:00,T000753,C0268,credit_card,TX,False,approved,False,
2024-10-08 00:40:00,T000127,C0105,auto_loan,TX,False,approved,False,
2024-10-08 08:46:00,T000196,C0002,credit_card,OH,False,approved,False,
2024-10-08 09:03:00,T000728,C0266,auto_loan,FL,False,approved,False,
2024-10-08 09:34:00,T000431,C0097,mortgage,OH,False,denied,False,
2024-10-08 10:17:00,T000007,C0211,credit_card,TX,False,approved,False,
2024-10-08 10:47:00,T000678,C0218,credit_card,TX,True,approved,False,
2024-10-08 11:09:00,T000881,C0008,mortgage,TX,False,denied,False,
2024-10-08 11:20:00,T000280,C0129,credit_card,CA,False,approved,False,
2024-10-08 12:31:00,T000439,C0204,auto_loan,WA,False,approved,False,
2024-10-08 13:07:00,T000217,C0066,personal_loan,FL,False,denied,False,
2024-10-08 18:50:00,T000246,C0144,credit_card,OH,True,approved,False,
2024-10-09 07:34:00,T000087,C0018,credit_card,WA,False,approved,False,
2024-10-09 09:56:00,T000001,C0204,auto_loan,FL,False,denied,False,
2024-10-09 10:27:00,T000826,C0125,mortgage,TX,False,approved,False,
2024-10-09 11:13:00,T000376,C0082,credit_card,TX,False,approved,False,
2024-10-09 11:23:00,T000218,C0176,auto_loan,FL,False,approved,False,
2024-10-09 12:17:00,T000791,C0114,credit_card,AZ,False,approved,False,
2024-10-09 12:43:00,T000133,C0006,mortgage,OH,True,denied,False,
2024-10-09 13:01:00,T000700,C0191,personal_loan,OH,False,approved,False,
2024-10-09 13:11:00,T000010,C0263,mortgage,WA,False,approved,False,
2024-10-09 13:18:00,T000359,C0260,personal_loan,CA,False,approved,False,
2024-10-09 14:38:00,T000891,C0209,auto_loan,IL,False,approved,False,
2024-10-09 14:47:00,T000588,C0010,credit_card,CA,False,approved,False,
2024-10-09 15:24:00,T000674,C0160,credit_card,TX,True,approved,False,
2024-10-09 15:53:00,T000033,C0219,auto_loan,AZ,False,approved,False,
2024-10-09 16:26:00,T000695,C0161,credit_card,WA,False,approved,False,
2024-10-09 17:14:00,T000581,C0103,personal_loan,IL,False,denied,False,
2024-10-09 17:29:00,T000172,C0151,personal_loan,AZ,False,approved,False,
2024-10-09 17:43:00,T000910,C0293,credit_card,CA,False,approved,False,
2024-10-09 23:45:00,T000243,C0300,personal_loan,TX,False,approved,False,
2024-10-10 06:22:00,T000258,C0139,auto_loan,FL,False,approved,False,
2024-10-10 09:21:00,T000310,C0273,auto_loan,OH,False,approved,False,
2024-10-10 10:36:00,T000808,C0105,personal_loan,AZ,False,approved,False,
2024-10-10 12:05:00,T000516,C0237,mortgage,GA,True,approved,False,
2024-10-10 13:49:00,T000322,C0248,personal_loan,WA,False,approved,False,
2024-10-10 14:44:00,T000583,C0004,credit_card,IL,False,denied,False,
2024-10-10 15:28:00,T000171,C0097,credit_card,TX,False,approved,False,
2024-10-10 15:47:00,T000580,C0071,auto_loan,WA,False,approved,False,
2024-10-10 16:24:00,T000480,C0098,mortgage,CA,False,approved,False,
2024-10-10 16:31:00,T000460,C0214,auto_loan,NY,True,denied,False,
2024-10-10 19:19:00,T000818,C0016,auto_loan,IL,False,approved,False,
2024-10-11 08:39:00,T000784,C0188,credit_card,GA,False,approved,False,
2024-10-11 08:46:00,T000873,C0127,personal_loan,TX,False,approved,False,
2024-10-11 10:12:00,T000778,C0044,auto_loan,AZ,False,approved,False,
2024-10-11 10:25:00,T000120,C0273,mortgage,TX,True,approved,False,
2024-10-11 10:38:00,T000313,C0030,personal_loan,AZ,False,approved,False,
2024-10-11 11:05:00,T000538,C0296,mortgage,FL,False,denied,False,
2024-10-11 11:11:00,T000724,C0269,credit_card,CA,False,approved,False,
2024-10-11 11:36:00,T000365,C0207,personal_loan,GA,False,approved,False,
2024-10-11 11:46:00,T000418,C0103,credit_card,GA,True,denied,False,
2024-10-11 13:15:00,T000501,C0058,mortgage,NY,False,approved,False,
2024-10-11 14:55:00,T000198,C0134,auto_loan,OH,False,approved,False,
2024-10-11 15:10:00,T000863,C0258,mortgage,WA,False,approved,False,
2024-10-11 19:15:00,T000497,C0172,auto_loan,TX,False,approved,False,
2024-10-11 21:22:00,T000726,C0058,mortgage,CO,True,approved,False,
2024-10-12 08:41:00,T000783,C0295,auto_loan,AZ,False,approved,False,
2024-10-12 10:20:00,T000705,C0129,auto_loan,WA,True,approved,False,
2024-10-12 10:52:00,T000434,C0085,auto_loan,NY,False,denied,False,
2024-10-12 11:07:00,T000018,C0222,mortgage,TX,False,denied,False,
2024-10-12 11:17:00,T000670,C0121,personal_loan,NY,True,approved,False,
2024-10-12 12:12:00,T000436,C0133,credit_card,FL,False,approved,False,
2024-10-12 12:47:00,T000759,C0162,mortgage,TX,False,approved,False,
2024-10-12 13:52:00,T000074,C0074,personal_loan,TX,True,approved,False,
2024-10-12 13:59:00,T000414,C0180,auto_loan,GA,False,approved,False,
2024-10-12 15:05:00,T000443,C0018,credit_card,FL,False,denied,False,
2024-10-12 15:37:00,T000221,C0286,mortgage,FL,False,denied,False,
2024-10-12 16:32:00,T000874,C0184,auto_loan,GA,False,approved,False,
2024-10-12 18:00:00,T000386,C0072,mortgage,NY,True,denied,False,
2024-10-12 21:25:00,T000157,C0059,credit_card,AZ,False,approved,False,
2024-10-13 03:04:00,T000329,C0247,mortgage,TX,False,approved,False,
2024-10-13 07:39:00,T000100,C0022,auto_loan,NY,False,approved,False,
2024-10-13 08:12:00,T000721,C0071,auto_loan,GA,False,approved,False,
2024-10-13 09:19:00,T000769,C0153,auto_loan,AZ,False,approved,False,
2024-10-13 11:14:00,T000528,C0190,mortgage,TX,False,approved,False,
2024-10-13 11:52:00,T000241,C0070,credit_card,NY,True,approved,False,
2024-10-13 12:14:00,T000823,C0156,personal_loan,CO,False,approved,False,
2024-10-13 13:04:00,T000834,C0228,credit_card,AZ,False,approved,False,
2024-10-13 13:07:00,T000118,C0072,mortgage,GA,False,approved,False,
2024-10-13 13:39:00,T000604,C0140,personal_loan,NY,False,approved,False,
2024-10-13 15:36:00,T000620,C0093,mortgage,WA,False,denied,False,
2024-10-13 15:44:00,T000462,C0172,mortgage,FL,False,approved,False,
2024-10-13 16:32:00,T000306,C0125,auto_loan,WA,False,approved,False,
2024-10-13 17:20:00,T000408,C0117,credit_card,TX,False,approved,False,
2024-10-13 17:20:00,T000682,C0088,personal_loan,NY,True,approved,False,
2024-10-14 00:48:00,T000273,C0062,personal_loan,GA,False,approved,False,
2024-10-14 06:44:00,T000182,C0082,mortgage,CA,False,approved,False,
2024-10-14 07:42:00,T000752,C0068,auto_loan,OH,False,approved,False,
2024-10-14 09:28:00,T000457,C0266,personal_loan,TX,True,approved,False,
2024-10-14 09:32:00,T000536,C0179,auto_loan,TX,True,approved,False,
2024-10-14 11:50:00,T000058,C0113,auto_loan,GA,False,approved,False,
2024-10-14 15:09:00,T000522,C0047,auto_loan,GA,False,approved,False,
2024-10-14 16:20:00,T000924,C0017,personal_loan,OH,True,approved,False,
2024-10-14 16:53:00,T000357,C0096,credit_card,GA,False,approved,False,
2024-10-14 16:58:00,T000884,C0181,personal_loan,CA,False,approved,False,
2024-10-14 17:44:00,T000390,C0191,personal_loan,NY,False,approved,False,
2024-10-14 20:14:00,T000256,C0014,personal_loan,FL,True,approved,False,
2024-10-15 06:04:00,T000847,C0182,auto_loan,NY,False,approved,False,
2024-10-15 07:03:00,T000533,C0115,credit_card,GA,False,denied,False,
2024-10-15 10:31:00,T000532,C0258,personal_loan,AZ,False,approved,False,
2024-10-15 10:53:00,T000623,C0181,credit_card,CA,False,approved,False,
2024-10-15 12:03:00,T000083,C0256,credit_card,GA,False,approved,False,
2024-10-15 12:27:00,T000041,C0115,personal_loan,CA,True,approved,False,
2024-10-15 13:04:00,T000350,C0233,mortgage,FL,True,approved,False,
2024-10-15 13:24:00,T000750,C0295,auto_loan,CO,False,approved,False,
2024-10-15 14:23:00,T000287,C0300,credit_card,CA,False,approved,False,
2024-10-15 15:24:00,T000467,C0075,personal_loan,CO,True,approved,False,
2024-10-15 16:38:00,T000187,C0222,credit_card,OH,False,approved,False,
2024-10-15 17:48:00,T000178,C0153,mortgage,WA,False,approved,False,
2024-10-16 08:35:00,T000168,C0020,mortgage,CA,False,approved,False,
2024-10-16 08:42:00,T000685,C0236,auto_loan,TX,False,approved,False,
2024-10-16 08:48:00,T000908,C0276,credit_card,NY,False,approved,False,
2024-10-16 10:07:00,T000259,C0142,credit_card,CA,False,approved,False,
2024-10-16 11:48:00,T000703,C0237,credit_card,GA,False,denied,False,
2024-10-16 12:49:00,T000262,C0219,auto_loan,GA,False,approved,False,
2024-10-16 13:05:00,T000230,C0206,credit_card,TX,True,approved,False,
2024-10-16 13:07:00,T000544,C0179,credit_card,WA,True,approved,False,
2024-10-16 13:15:00,T000411,C0180,personal_loan,NY,False,approved,False,
2024-10-16 14:44:00,T000661,C0197,credit_card,IL,False,approved,False,
2024-10-16 15:03:00,T000704,C0131,personal_loan,AZ,False,denied,False,
2024-10-16 19:15:00,T000761,C0165,credit_card,CA,True,approved,False,
2024-10-17 11:20:00,T000912,C0090,personal_loan,CA,False,approved,False,
2024-10-17 12:08:00,T000253,C0048,mortgage,TX,True,approved,False,
2024-10-17 12:13:00,T000392,C0131,personal_loan,OH,False,denied,False,
2024-10-17 14:25:00,T000564,C0258,mortgage,FL,False,denied,False,
2024-10-17 14:28:00,T000251,C0171,auto_loan,TX,False,approved,False,
2024-10-17 14:56:00,T000023,C0008,auto_loan,WA,True,approved,False,
2024-10-17 15:49:00,T000635,C0081,personal_loan,TX,False,approved,False,
2024-10-17 17:47:00,T000349,C0225,mortgage,OH,True,approved,False,
2024-10-17 19:24:00,T000469,C0137,personal_loan,WA,False,approved,False,
2024-10-18 05:11:00,T000888,C0017,mortgage,GA,False,approved,False,
2024-10-18 08:50:00,T000426,C0209,auto_loan,CA,False,approved,False,
2024-10-18 13:12:00,T000523,C0235,credit_card,FL,False,approved,False,
2024-10-18 13:37:00,T000102,C0101,credit_card,OH,False,approved,False,
2024-10-18 14:07:00,T000543,C0015,personal_loan,NY,False,approved,False,
2024-10-18 16:34:00,T000052,C0294,personal_loan,FL,False,denied,False,
2024-10-18 16:39:00,T000072,C0239,auto_loan,NY,True,approved,False,
2024-10-18 18:46:00,T000398,C0176,credit_card,NY,False,denied,False,
2024-10-18 18:55:00,T000838,C0110,credit_card,TX,True,approved,False,
2024-10-19 11:21:00,T000872,C0052,auto_loan,AZ,False,approved,False,
2024-10-19 11:57:00,T000009,C0237,mortgage,WA,False,approved,False,
2024-10-19 12:31:00,T000664,C0233,auto_loan,CA,False,approved,False,
2024-10-19 14:01:00,T000653,C0157,credit_card,FL,False,approved,False,
2024-10-19 14:34:00,T000339,C0082,mortgage,TX,True,approved,False,
2024-10-19 16:49:00,T000735,C0053,auto_loan,CA,False,approved,False,
2024-10-19 17:13:00,T000224,C0096,personal_loan,TX,False,approved,False,
2024-10-20 08:45:00,T000903,C0194,personal_loan,CO,False,approved,False,
2024-10-20 11:35:00,T000142,C0011,auto_loan,TX,False,approved,False,
2024-10-21 08:21:00,T000326,C0004,auto_loan,AZ,False,approved,False,
2024-10-21 09:24:00,T000486,C0201,auto_loan,AZ,False,approved,False,
2024-10-21 10:14:00,T000626,C0057,personal_loan,NY,True,approved,False,
2024-10-21 11:14:00,T000567,C0025,mortgage,WA,False,approved,False,
2024-10-21 12:33:00,T000078,C0271,personal_loan,OH,False,approved,False,
2024-10-21 12:57:00,T000032,C0142,personal_loan,CA,False,approved,False,
2024-10-21 13:00:00,T000412,C0045,auto_loan,TX,False,approved,False,
2024-10-21 13:16:00,T000363,C0156,mortgage,CA,False,approved,False,
2024-10-22 06:27:00,T000327,C0246,credit_card,CA,False,approved,False,
2024-10-22 08:01:00,T000637,C0147,mortgage,OH,False,approved,False,
2024-10-22 09:03:00,T000384,C0089,mortgage,WA,False,approved,False,
2024-10-22 11:10:00,T000719,C0093,auto_loan,NY,True,approved,False,
2024-10-22 11:24:00,T000510,C0087,auto_loan,GA,False,approved,False,
2024-10-22 11:32:00,T000832,C0124,credit_card,WA,False,denied,False,
2024-10-22 12:20:00,T000854,C0089,credit_card,NY,False,approved,False,
2024-10-22 12:52:00,T000315,C0013,auto_loan,NY,False,approved,False,
2024-10-22 14:48:00,T000097,C0290,credit_card,GA,False,approved,False,
2024-10-22 15:56:00,T000148,C0261,mortgage,CA,False,approved,False,
2024-10-22 16:51:00,T000189,C0165,personal_loan,CA,True,approved,False,
2024-10-22 18:59:00,T000566,C0073,credit_card,OH,True,approved,False,
2024-10-22 20:57:00,T000593,C0243,mortgage,CA,True,denied,False,
2024-10-23 08:38:00,T000925,C0071,credit_card,AZ,False,approved,False,
2024-10-23 09:03:00,T000696,C0264,auto_loan,FL,False,approved,False,
2024-10-23 09:32:00,T000119,C0266,personal_loan,OH,False,approved,False,
2024-10-23 10:28:00,T000857,C0264,credit_card,AZ,False,approved,False,
2024-10-23 12:12:00,T000483,C0112,auto_loan,TX,False,approved,False,
2024-10-23 13:55:00,T000508,C0215,personal_loan,WA,True,denied,False,
2024-10-23 14:18:00,T000568,C0109,credit_card,IL,False,approved,False,
2024-10-23 14:28:00,T000831,C0246,mortgage,IL,False,denied,False,
2024-10-23 14:59:00,T000919,C0108,auto_loan,OH,False,approved,False,
2024-10-23 21:47:00,T000617,C0240,auto_loan,AZ,False,approved,False,
2024-10-24 08:27:00,T000211,C0166,personal_loan,FL,False,approved,False,
2024-10-24 12:31:00,T000933,C0012,personal_loan,CA,True,approved,False,
2024-10-24 13:42:00,T000346,C0197,mortgage,CA,False,approved,False,
2024-10-24 14:22:00,T000206,C0025,auto_loan,WA,False,approved,False,
2024-10-24 14:37:00,T000380,C0199,mortgage,FL,False,approved,False,
2024-10-24 15:36:00,T000618,C0049,personal_loan,AZ,False,approved,False,
2024-10-24 18:44:00,T000209,C0232,personal_loan,FL,False,approved,False,
2024-10-25 08:56:00,T000505,C0197,mortgage,FL,False,approved,False,
2024-10-25 10:28:00,T000039,C0129,auto_loan,AZ,False,approved,False,
2024-10-25 12:10:00,T000292,C0215,mortgage,TX,False,denied,False,
2024-10-25 12:13:00,T000509,C0109,personal_loan,CA,True,approved,False,
2024-10-25 12:20:00,T000216,C0275,auto_loan,TX,False,approved,False,
2024-10-25 12:23:00,T000890,C0152,credit_card,NY,False,approved,False,
2024-10-25 13:18:00,T000779,C0064,personal_loan,IL,False,approved,False,
2024-10-25 13:29:00,T000143,C0158,credit_card,CA,False,approved,False,
2024-10-25 15:21:00,T000281,C0009,auto_loan,IL,False,approved,False,
2024-10-25 16:18:00,T000744,C0069,mortgage,AZ,False,approved,False,
2024-10-25 16:26:00,T000111,C0049,mortgage,CO,False,denied,False,
2024-10-26 00:29:00,T000855,C0203,mortgage,TX,False,denied,False,
2024-10-26 06:05:00,T000152,C0060,mortgage,CA,False,denied,False,
2024-10-26 08:14:00,T000450,C0238,mortgage,CO,False,approved,False,
2024-10-26 08:34:00,T000573,C0211,credit_card,TX,False,approved,False,
2024-10-26 09:26:00,T000299,C0295,credit_card,FL,False,approved,False,
2024-10-26 11:25:00,T000413,C0278,mortgage,FL,False,denied,False,
2024-10-26 11:26:00,T000814,C0175,auto_loan,WA,False,approved,False,
2024-10-26 12:51:00,T000534,C0017,auto_loan,CO,False,approved,False,
2024-10-26 14:21:00,T000660,C0014,credit_card,IL,False,approved,False,
2024-10-26 14:30:00,T000096,C0081,auto_loan,CA,False,approved,False,
2024-10-26 17:08:00,T000399,C0213,personal_loan,GA,False,approved,False,
2024-10-26 17:28:00,T000481,C0020,personal_loan,CA,True,approved,False,
2024-10-26 18:01:00,T000314,C0090,auto_loan,CA,False,approved,False,
2024-10-27 07:31:00,T000841,C0007,credit_card,OH,False,approved,False,
2024-10-27 07:59:00,T000353,C0112,mortgage,NY,False,approved,False,
2024-10-27 08:48:00,T000495,C0219,mortgage,IL,True,approved,False,
2024-10-27 10:42:00,T000263,C0024,mortgage,OH,False,denied,False,
2024-10-27 11:44:00,T000271,C0054,credit_card,CO,False,approved,False,
2024-10-27 11:46:00,T000419,C0211,personal_loan,TX,False,approved,False,
2024-10-27 12:30:00,T000154,C0159,auto_loan,TX,False,denied,False,
2024-10-27 15:27:00,T000638,C0107,mortgage,OH,True,denied,False,
2024-10-27 19:26:00,T000796,C0136,auto_loan,AZ,True,approved,False,
2024-10-27 23:38:00,T000342,C0091,personal_loan,NY,False,denied,False,
2024-10-28 00:45:00,T000307,C0253,auto_loan,NY,False,approved,False,
2024-10-28 09:24:00,T000928,C0069,personal_loan,FL,False,denied,False,
2024-10-28 09:36:00,T000526,C0218,credit_card,OH,False,approved,False,
2024-10-28 10:43:00,T000226,C0225,credit_card,FL,True,approved,False,
2024-10-28 10:46:00,T000190,C0213,personal_loan,CA,False,approved,False,
2024-10-28 10:46:00,T000442,C0145,auto_loan,CA,True,approved,False,
2024-10-28 12:19:00,T000802,C0067,mortgage,NY,True,approved,False,
2024-10-28 14:42:00,T000136,C0234,credit_card,CO,False,approved,False,
2024-10-28 15:17:00,T000400,C0156,credit_card,CO,False,approved,False,
2024-10-28 15:28:00,T000333,C0132,mortgage,CO,False,approved,False,
2024-10-28 15:31:00,T000239,C0151,auto_loan,FL,False,approved,False,
2024-10-29 07:03:00,T000167,C0122,personal_loan,OH,False,approved,False,
2024-10-29 08:27:00,T000338,C0129,credit_card,NY,False,approved,False,
2024-10-29 09:21:00,T000088,C0152,personal_loan,CA,False,denied,False,
2024-10-29 09:37:00,T000799,C0180,auto_loan,WA,True,approved,False,
2024-10-29 10:42:00,T000749,C0192,personal_loan,AZ,False,approved,False,
2024-10-29 10:43:00,T000595,C0051,personal_loan,TX,False,approved,False,
2024-10-29 12:56:00,T000748,C0048,auto_loan,CO,True,denied,False,
2024-10-29 13:25:00,T000368,C0007,personal_loan,FL,False,approved,False,
2024-10-29 13:55:00,T000309,C0236,personal_loan,TX,False,approved,False,
2024-10-29 15:11:00,T000554,C0223,personal_loan,CA,False,approved,False,
2024-10-29 15:48:00,T000403,C0238,mortgage,GA,True,approved,False,
2024-10-29 15:55:00,T000525,C0264,auto_loan,WA,False,denied,False,
2024-10-29 16:53:00,T000321,C0203,mortgage,CA,False,denied,False,
2024-10-29 22:44:00,T000447,C0187,personal_loan,TX,True,approved,False,
2024-10-30 08:14:00,T000077,C0131,mortgage,TX,False,approved,False,
2024-10-30 09:11:00,T000294,C0083,auto_loan,NY,False,approved,False,
2024-10-30 09:17:00,T000632,C0003,auto_loan,IL,True,approved,False,
2024-10-30 11:23:00,T000254,C0063,auto_loan,TX,False,approved,False,
2024-10-30 14:16:00,T000066,C0129,personal_loan,CA,True,approved,False,
2024-10-30 16:59:00,T000607,C0231,mortgage,CA,False,denied,False,
2024-10-30 19:28:00,T000646,C0142,personal_loan,AZ,False,denied,False,
2024-10-31 07:05:00,T000738,C0120,credit_card,TX,False,approved,False,
2024-10-31 11:33:00,T000371,C0243,mortgage,FL,False,approved,False,
2024-10-31 11:40:00,T000197,C0006,personal_loan,NY,False,approved,False,
2024-10-31 13:46:00,T000627,C0061,personal_loan,WA,False,approved,False,
2024-10-31 14:58:00,T000169,C0275,credit_card,WA,False,approved,False,
2024-10-31 16:57:00,T000199,C0285,personal_loan,TX,False,approved,False,
2024-10-31 19:27:00,T000487,C0176,personal_loan,NY,False,approved,False,
2024-11-01 14:14:00,T000268,C0131,credit_card,AZ,True,approved,False,
2024-11-01 16:16:00,T000044,C0121,credit_card,WA,False,approved,False,
2024-11-01 17:11:00,T000139,C0166,mortgage,TX,True,approved,False,
2024-11-02 08:18:00,T000301,C0089,personal_loan,NY,False,approved,False,
2024-11-02 09:14:00,T000765,C0212,auto_loan,NY,True,approved,False,
2024-11-02 10:22:00,T000201,C0237,credit_card,CO,True,approved,False,
2024-11-02 11:26:00,T000746,C0250,credit_card,NY,False,approved,False,
2024-11-02 11:46:00,T000521,C0194,credit_card,WA,False,approved,False,
2024-11-02 14:09:00,T000063,C0244,personal_loan,AZ,False,approved,False,
2024-11-02 16:14:00,T000630,C0031,mortgage,NY,False,approved,False,
2024-11-02 16:46:00,T000053,C0295,auto_loan,NY,True,denied,False,
2024-11-02 17:26:00,T000194,C0120,credit_card,CA,True,approved,False,
2024-11-03 09:49:00,T000068,C0051,mortgage,WA,False,approved,False,
2024-11-03 11:12:00,T000628,C0276,credit_card,TX,False,approved,False,
2024-11-03 11:15:00,T000913,C0280,credit_card,IL,True,approved,False,
2024-11-03 11:57:00,T000770,C0017,auto_loan,TX,False,approved,False,
2024-11-03 12:36:00,T000498,C0264,auto_loan,NY,False,approved,False,
2024-11-03 13:21:00,T000022,C0105,auto_loan,GA,False,approved,False,
2024-11-03 14:13:00,T000909,C0153,credit_card,TX,False,approved,False,
2024-11-03 14:34:00,T000332,C0264,credit_card,OH,False,approved,False,
2024-11-03 14:49:00,T000576,C0146,auto_loan,WA,False,approved,False,
2024-11-03 15:12:00,T000374,C0266,mortgage,TX,False,approved,False,
2024-11-03 15:48:00,T000393,C0159,mortgage,NY,False,denied,False,
2024-11-04 10:47:00,T000094,C0163,personal_loan,TX,False,approved,False,
2024-11-04 10:56:00,T000634,C0257,mortgage,AZ,True,approved,False,
2024-11-04 11:03:00,T000379,C0258,mortgage,FL,False,approved,False,
2024-11-04 11:11:00,T000188,C0065,auto_loan,NY,False,approved,False,
2024-11-04 17:25:00,T000758,C0037,credit_card,FL,False,approved,False,
2024-11-04 18:05:00,T000614,C0068,mortgage,FL,True,approved,False,
2024-11-05 08:43:00,T000440,C0208,mortgage,CO,False,approved,False,
2024-11-05 09:04:00,T000809,C0275,credit_card,GA,False,approved,False,
2024-11-05 12:03:00,T000552,C0069,personal_loan,TX,True,approved,False,
2024-11-06 01:17:00,T000373,C0038,auto_loan,FL,False,denied,False,
2024-11-06 10:40:00,T000585,C0006,auto_loan,IL,False,approved,False,
2024-11-06 11:12:00,T000065,C0151,mortgage,GA,True,denied,False,
2024-11-06 13:38:00,T000687,C0148,mortgage,CA,True,denied,False,
2024-11-06 14:31:00,T000144,C0133,credit_card,NY,False,approved,False,
2024-11-06 15:47:00,T000027,C0127,auto_loan,IL,False,approved,False,
2024-11-06 16:43:00,T000164,C0125,personal_loan,NY,False,denied,False,
2024-11-06 18:13:00,T000163,C0143,auto_loan,FL,False,approved,False,
2024-11-07 06:38:00,T000165,C0190,mortgage,CA,False,approved,False,
2024-11-07 08:30:00,T000572,C0048,mortgage,TX,False,approved,False,
2024-11-07 08:38:00,T000496,C0083,credit_card,IL,True,approved,False,
2024-11-07 09:45:00,T000248,C0253,personal_loan,CA,False,approved,False,
2024-11-07 10:50:00,T000425,C0033,auto_loan,FL,False,approved,False,
2024-11-07 11:08:00,T000464,C0264,credit_card,CA,False,approved,False,
2024-11-07 13:55:00,T000929,C0103,personal_loan,IL,False,approved,False,
2024-11-07 14:46:00,T000624,C0190,credit_card,OH,False,approved,False,
2024-11-07 15:01:00,T000732,C0073,auto_loan,IL,False,approved,False,
2024-11-07 17:26:00,T000275,C0260,auto_loan,FL,False,denied,False,
2024-11-07 21:59:00,T000907,C0235,credit_card,IL,False,approved,False,
2024-11-08 08:11:00,T000005,C0123,mortgage,CO,True,approved,False,
2024-11-08 09:07:00,T000500,C0143,personal_loan,NY,False,denied,False,
2024-11-08 10:14:00,T000473,C0066,personal_loan,GA,False,approved,False,
2024-11-08 10:37:00,T000795,C0069,auto_loan,NY,False,approved,False,
2024-11-08 11:45:00,T000777,C0131,credit_card,GA,False,approved,False,
2024-11-08 11:56:00,T000547,C0241,mortgage,TX,False,denied,False,
2024-11-08 13:19:00,T000238,C0287,credit_card,OH,True,approved,False,
2024-11-09 00:39:00,T000633,C0103,auto_loan,OH,False,approved,False,
2024-11-09 01:00:00,T000298,C0212,credit_card,NY,False,approved,False,
2024-11-09 07:02:00,T000435,C0142,auto_loan,NY,False,approved,False,
2024-11-09 08:49:00,T000140,C0022,auto_loan,IL,False,denied,False,
2024-11-09 09:10:00,T000121,C0115,personal_loan,CA,False,denied,False,
2024-11-09 10:28:00,T000285,C0217,credit_card,WA,False,approved,False,
2024-11-09 11:55:00,T000082,C0059,mortgage,CA,False,approved,False,
2024-11-09 12:47:00,T000004,C0034,mortgage,OH,False,denied,False,
2024-11-09 12:58:00,T000621,C0060,personal_loan,OH,False,denied,False,
2024-11-09 13:23:00,T000030,C0219,personal_loan,CA,False,denied,False,
2024-11-09 13:32:00,T000091,C0126,mortgage,IL,False,approved,False,
2024-11-09 13:40:00,T000354,C0220,credit_card,TX,True,denied,False,
2024-11-09 14:04:00,T000756,C0168,personal_loan,NY,False,approved,False,
2024-11-09 14:16:00,T000407,C0097,personal_loan,WA,True,approved,False,
2024-11-09 21:49:00,T000935,C0169,auto_loan,CA,False,approved,False,
2024-11-09 21:55:00,T000800,C0296,credit_card,NY,False,approved,False,
2024-11-09 22:28:00,T000155,C0009,credit_card,NY,False,approved,False,
2024-11-10 07:28:00,T000267,C0138,credit_card,FL,False,approved,False,
2024-11-10 07:44:00,T000689,C0288,personal_loan,NY,False,approved,False,
2024-11-10 09:00:00,T000869,C0206,auto_loan,GA,True,approved,False,
2024-11-10 09:29:00,T000833,C0006,auto_loan,FL,True,approved,False,
2024-11-10 09:35:00,T000214,C0300,auto_loan,TX,False,approved,False,
2024-11-10 09:37:00,T000020,C0300,credit_card,NY,True,approved,False,
2024-11-10 10:23:00,T000047,C0072,auto_loan,IL,False,approved,False,
2024-11-10 10:27:00,T000186,C0171,credit_card,NY,False,approved,False,
2024-11-10 11:11:00,T000219,C0120,personal_loan,GA,True,approved,False,
2024-11-10 11:32:00,T000031,C0002,personal_loan,WA,False,approved,False,
2024-11-10 15:56:00,T000883,C0055,credit_card,AZ,False,approved,False,
2024-11-10 18:30:00,T000506,C0146,credit_card,CA,False,approved,False,
2024-11-10 19:31:00,T000923,C0158,auto_loan,GA,False,denied,False,
2024-11-10 23:20:00,T000792,C0089,credit_card,FL,False,approved,False,
2024-11-11 09:43:00,T000176,C0277,personal_loan,CA,False,approved,False,
2024-11-11 10:11:00,T000485,C0036,auto_loan,NY,False,approved,False,
2024-11-11 10:36:00,T000612,C0274,personal_loan,TX,True,approved,False,
2024-11-11 11:15:00,T000710,C0008,credit_card,OH,True,approved,False,
2024-11-11 11:50:00,T000905,C0038,personal_loan,GA,False,approved,False,
2024-11-11 12:50:00,T000114,C0275,mortgage,TX,False,approved,False,
2024-11-11 13:06:00,T000222,C0261,auto_loan,CO,True,denied,False,
2024-11-11 13:18:00,T000537,C0189,credit_card,WA,False,approved,False,
2024-11-11 14:57:00,T000231,C0137,personal_loan,GA,False,approved,False,
2024-11-11 16:09:00,T000798,C0152,personal_loan,CA,False,approved,False,
2024-11-11 17:25:00,T000871,C0105,credit_card,CA,False,approved,False,
2024-11-11 17:29:00,T000335,C0195,auto_loan,FL,True,approved,False,
2024-11-11 22:03:00,T000647,C0300,personal_loan,CA,False,approved,False,
2024-11-11 22:56:00,T000073,C0139,auto_loan,NY,False,approved,False,
2024-11-11 23:38:00,T000916,C0066,personal_loan,GA,False,denied,False,
2024-11-11 23:48:00,T000205,C0141,credit_card,FL,True,approved,False,
2024-11-12 09:23:00,T000070,C0104,mortgage,CA,False,denied,False,
2024-11-12 11:38:00,T000519,C0146,credit_card,GA,False,approved,False,
2024-11-12 11:43:00,T000054,C0134,personal_loan,FL,True,approved,False,
2024-11-12 12:08:00,T000709,C0155,credit_card,CA,False,approved,False,
2024-11-12 12:11:00,T000124,C0205,auto_loan,CA,False,approved,False,
2024-11-12 12:49:00,T000277,C0117,mortgage,CA,False,approved,False,
2024-11-12 15:56:00,T000367,C0185,personal_loan,CA,False,approved,False,
2024-11-12 16:59:00,T000474,C0140,auto_loan,TX,True,approved,False,
2024-11-12 18:13:00,T000109,C0233,personal_loan,GA,False,approved,False,
2024-11-12 18:54:00,T000290,C0166,auto_loan,CA,False,approved,False,
2024-11-12 22:02:00,T000076,C0184,mortgage,OH,False,approved,False,
2024-11-13 00:26:00,T000276,C0153,auto_loan,OH,False,approved,False,
2024-11-13 08:41:00,T000768,C0181,auto_loan,TX,True,denied,False,
2024-11-13 08:54:00,T000785,C0013,auto_loan,NY,False,approved,False,
2024-11-13 09:59:00,T000729,C0286,mortgage,OH,False,approved,False,
2024-11-13 11:36:00,T000644,C0051,auto_loan,CA,False,denied,False,
2024-11-13 12:28:00,T000622,C0100,mortgage,FL,False,approved,False,
2024-11-13 16:10:00,T000282,C0005,auto_loan,CA,True,denied,False,
2024-11-13 17:08:00,T000444,C0067,credit_card,TX,False,approved,False,
2024-11-14 08:11:00,T000453,C0190,auto_loan,FL,False,approved,False,
2024-11-14 08:25:00,T000203,C0147,mortgage,TX,True,approved,False,
2024-11-14 09:11:00,T000235,C0227,personal_loan,WA,True,approved,False,
2024-11-14 09:26:00,T000055,C0230,auto_loan,TX,False,approved,False,
2024-11-14 10:13:00,T000284,C0071,personal_loan,AZ,False,denied,False,
2024-11-14 10:51:00,T000651,C0102,credit_card,TX,False,approved,False,
2024-11-14 11:46:00,T000183,C0162,personal_loan,NY,False,approved,False,
2024-11-14 13:17:00,T000563,C0130,personal_loan,WA,False,approved,False,
2024-11-14 14:25:00,T000185,C0026,personal_loan,FL,False,denied,False,
2024-11-14 16:49:00,T000718,C0158,mortgage,TX,False,approved,False,
2024-11-14 20:48:00,T000252,C0132,personal_loan,CA,False,approved,False,
2024-11-14 21:14:00,T000405,C0173,mortgage,CO,False,approved,False,
2024-11-15 08:22:00,T000115,C0038,personal_loan,IL,False,approved,False,
2024-11-15 08:36:00,T000420,C0258,mortgage,FL,False,approved,False,
2024-11-15 09:20:00,T000629,C0076,auto_loan,AZ,True,denied,False,
2024-11-15 11:57:00,T000406,C0205,auto_loan,CA,False,approved,False,
2024-11-15 12:13:00,T000897,C0078,auto_loan,NY,False,approved,False,
2024-11-15 12:43:00,T000180,C0132,mortgage,FL,False,denied,False,
2024-11-15 12:59:00,T000556,C0072,auto_loan,GA,False,denied,False,
2024-11-15 13:42:00,T000876,C0227,personal_loan,AZ,False,approved,False,
2024-11-15 13:50:00,T000021,C0099,personal_loan,TX,False,approved,False,
2024-11-15 15:04:00,T000159,C0245,personal_loan,WA,True,approved,False,
2024-11-15 17:23:00,T000445,C0297,auto_loan,FL,False,approved,False,
2024-11-15 21:44:00,T000667,C0253,auto_loan,AZ,False,approved,False,
2024-11-16 02:59:00,T000344,C0042,credit_card,NY,False,denied,False,
2024-11-16 06:49:00,T000017,C0102,personal_loan,CA,False,approved,False,
2024-11-16 07:22:00,T000449,C0215,auto_loan,NY,True,approved,False,
2024-11-16 08:21:00,T000296,C0200,credit_card,TX,False,denied,False,
2024-11-16 09:19:00,T000717,C0235,credit_card,FL,True,approved,False,
2024-11-16 10:13:00,T000608,C0244,personal_loan,TX,False,approved,False,
2024-11-16 14:37:00,T000366,C0190,credit_card,CO,True,approved,False,
2024-11-16 14:43:00,T000549,C0198,auto_loan,CA,False,approved,False,
2024-11-16 16:53:00,T000701,C0098,personal_loan,CA,True,approved,False,
2024-11-16 21:41:00,T000803,C0120,auto_loan,FL,False,approved,False,
2024-11-17 09:10:00,T000712,C0003,personal_loan,AZ,False,approved,False,
2024-11-17 09:24:00,T000656,C0231,auto_loan,TX,False,approved,False,
2024-11-17 10:24:00,T000507,C0097,credit_card,CO,False,approved,False,
2024-11-17 10:31:00,T000747,C0291,personal_loan,TX,False,approved,False,
2024-11-17 10:57:00,T000578,C0074,credit_card,FL,False,approved,False,
2024-11-17 13:05:00,T000011,C0216,personal_loan,NY,True,approved,False,
2024-11-17 13:50:00,T000351,C0011,auto_loan,FL,True,approved,False,
2024-11-17 14:24:00,T000893,C0168,mortgage,CA,False,denied,False,
2024-11-17 15:13:00,T000679,C0227,personal_loan,FL,True,denied,False,
2024-11-17 17:14:00,T000488,C0277,personal_loan,NY,True,approved,False,
2024-11-18 07:27:00,T000648,C0106,mortgage,TX,True,denied,False,
2024-11-18 10:14:00,T000289,C0271,credit_card,NY,False,approved,False,
2024-11-18 13:12:00,T000931,C0214,credit_card,OH,True,approved,False,
2024-11-18 13:14:00,T000305,C0293,credit_card,FL,False,approved,False,
2024-11-18 15:44:00,T000561,C0282,auto_loan,AZ,False,approved,False,
2024-11-18 16:51:00,T000927,C0257,credit_card,IL,False,approved,False,
2024-11-18 18:37:00,T000539,C0281,mortgage,FL,False,approved,False,
2024-11-18 19:04:00,T000606,C0063,personal_loan,CA,False,denied,False,
2024-11-18 20:34:00,T000917,C0100,personal_loan,IL,False,denied,False,
2024-11-18 22:01:00,T000877,C0102,mortgage,TX,True,denied,False,
2024-11-19 07:16:00,T000295,C0142,mortgage,CO,True,approved,False,
2024-11-19 07:25:00,T000762,C0083,credit_card,NY,False,approved,False,
2024-11-19 08:40:00,T000807,C0032,auto_loan,NY,False,approved,False,
2024-11-19 08:55:00,T000057,C0264,personal_loan,FL,False,approved,False,
2024-11-19 09:42:00,T000330,C0047,personal_loan,IL,True,denied,False,
2024-11-19 11:32:00,T000029,C0233,credit_card,CA,False,approved,False,
2024-11-19 11:34:00,T000879,C0025,auto_loan,NY,False,denied,False,
2024-11-19 13:26:00,T000456,C0054,mortgage,OH,False,approved,False,
2024-11-19 13:46:00,T000132,C0063,auto_loan,NY,False,approved,False,
2024-11-19 15:00:00,T000331,C0005,credit_card,CA,False,approved,False,
2024-11-19 15:06:00,T000229,C0042,auto_loan,CA,False,denied,False,
2024-11-19 15:34:00,T000789,C0073,mortgage,CA,False,approved,False,
2024-11-19 16:03:00,T000308,C0237,personal_loan,AZ,False,approved,False,
2024-11-19 16:23:00,T000655,C0079,credit_card,CO,False,denied,False,
2024-11-19 17:12:00,T000034,C0074,auto_loan,TX,False,approved,False,
2024-11-19 17:28:00,T000755,C0147,personal_loan,WA,False,denied,False,
2024-11-20 11:02:00,T000079,C0132,auto_loan,CA,False,approved,False,
2024-11-20 11:58:00,T000158,C0145,mortgage,FL,False,approved,False,
2024-11-20 12:56:00,T000113,C0121,credit_card,CO,False,approved,False,
2024-11-20 13:10:00,T000126,C0015,personal_loan,GA,False,denied,False,
2024-11-20 15:54:00,T000134,C0068,auto_loan,IL,True,approved,False,
2024-11-20 15:58:00,T000706,C0097,credit_card,IL,False,approved,False,
2024-11-20 22:13:00,T000131,C0177,auto_loan,AZ,False,denied,False,
2024-11-21 07:06:00,T000922,C0151,credit_card,CA,False,approved,False,
2024-11-21 08:52:00,T000535,C0074,personal_loan,AZ,False,approved,False,
2024-11-21 09:43:00,T000288,C0163,credit_card,TX,False,approved,False,
2024-11-21 11:19:00,T000116,C0103,credit_card,OH,False,approved,False,
2024-11-21 11:40:00,T000570,C0215,personal_loan,GA,False,denied,False,
2024-11-21 14:26:00,T000129,C0088,credit_card,AZ,False,approved,False,
2024-11-21 15:07:00,T000708,C0178,credit_card,CO,False,denied,False,
2024-11-21 20:12:00,T000437,C0157,personal_loan,NY,False,approved,False,
2024-11-22 07:42:00,T000260,C0245,auto_loan,CA,True,approved,False,
2024-11-22 10:55:00,T000597,C0207,credit_card,AZ,True,approved,False,
2024-11-22 11:14:00,T000677,C0291,personal_loan,OH,False,approved,False,
2024-11-22 11:25:00,T000266,C0179,mortgage,WA,True,approved,False,
2024-11-22 12:33:00,T000228,C0042,auto_loan,NY,True,approved,False,
2024-11-22 12:43:00,T000242,C0055,auto_loan,WA,False,approved,False,
2024-11-22 13:06:00,T000786,C0108,credit_card,OH,False,approved,False,
2024-11-22 18:19:00,T000930,C0253,mortgage,AZ,False,approved,False,
2024-11-22 20:44:00,T000424,C0033,personal_loan,FL,False,approved,False,
2024-11-23 07:22:00,T000688,C0181,credit_card,TX,True,approved,False,
2024-11-23 07:26:00,T000520,C0190,personal_loan,CA,False,approved,False,
2024-11-23 08:51:00,T000665,C0207,credit_card,OH,False,approved,False,
2024-11-23 09:06:00,T000548,C0197,mortgage,NY,False,approved,False,
2024-11-23 09:39:00,T000468,C0205,personal_loan,FL,True,approved,False,
2024-11-23 10:34:00,T000270,C0174,credit_card,AZ,False,approved,False,
2024-11-23 13:15:00,T000915,C0198,auto_loan,TX,False,approved,False,
2024-11-23 13:24:00,T000455,C0268,mortgage,TX,False,approved,False,
2024-11-23 15:58:00,T000394,C0074,mortgage,CA,False,approved,False,
2024-11-23 17:18:00,T000698,C0189,mortgage,CA,False,approved,False,
2024-11-23 22:17:00,T000720,C0185,personal_loan,FL,False,approved,False,
2024-11-23 23:13:00,T000531,C0120,auto_loan,WA,False,approved,False,
2024-11-24 05:40:00,T000850,C0259,auto_loan,WA,False,denied,False,
2024-11-24 10:18:00,T000625,C0167,credit_card,CO,False,approved,False,
2024-11-24 10:20:00,T000193,C0078,auto_loan,NY,False,approved,False,
2024-11-24 11:32:00,T000494,C0049,auto_loan,CO,False,approved,False,
2024-11-24 12:11:00,T000490,C0123,auto_loan,TX,False,approved,False,
2024-11-24 20:56:00,T000137,C0110,auto_loan,NY,True,approved,False,
2024-11-25 00:50:00,T000343,C0178,personal_loan,CO,False,denied,False,
2024-11-25 04:21:00,T000601,C0124,credit_card,NY,True,denied,False,
2024-11-25 06:09:00,T000896,C0130,credit_card,OH,True,approved,False,
2024-11-25 08:50:00,T000702,C0183,auto_loan,WA,False,approved,False,
2024-11-25 08:56:00,T000900,C0166,mortgage,OH,False,denied,False,
2024-11-25 09:46:00,T000269,C0122,personal_loan,GA,True,approved,False,
2024-11-25 09:50:00,T000767,C0294,mortgage,NY,False,approved,False,
2024-11-25 09:54:00,T000323,C0266,mortgage,GA,True,denied,False,
2024-11-25 14:32:00,T000672,C0071,credit_card,NY,True,approved,False,
2024-11-25 16:46:00,T000675,C0024,personal_loan,NY,False,approved,False,
2024-11-26 09:11:00,T000085,C0127,mortgage,CO,False,approved,False,
2024-11-26 11:18:00,T000192,C0194,personal_loan,TX,False,approved,False,
2024-11-26 11:58:00,T000880,C0036,mortgage,CA,False,approved,False,
2024-11-26 11:59:00,T000599,C0276,credit_card,WA,False,approved,False,
2024-11-26 13:49:00,T000825,C0297,mortgage,CO,True,approved,False,
2024-11-26 13:52:00,T000658,C0050,mortgage,CO,False,approved,False,
2024-11-26 15:11:00,T000240,C0095,personal_loan,TX,False,denied,False,
2024-11-26 16:27:00,T000040,C0120,auto_loan,CO,False,approved,False,
2024-11-26 16:42:00,T000245,C0134,auto_loan,CA,False,approved,False,
2024-11-27 09:43:00,T000475,C0012,mortgage,GA,False,denied,False,
2024-11-27 10:00:00,T000920,C0263,credit_card,FL,True,approved,False,
2024-11-27 10:44:00,T000458,C0264,mortgage,TX,False,approved,False,
2024-11-27 10:55:00,T000026,C0136,auto_loan,TX,False,approved,False,
2024-11-27 11:30:00,T000569,C0202,mortgage,NY,False,approved,False,
2024-11-27 11:31:00,T000673,C0184,credit_card,FL,False,approved,False,
2024-11-27 12:33:00,T000341,C0002,personal_loan,OH,False,approved,False,
2024-11-27 13:48:00,T000130,C0192,personal_loan,NY,False,denied,False,
2024-11-27 14:23:00,T000600,C0175,credit_card,FL,False,approved,False,
2024-11-27 15:37:00,T000099,C0232,credit_card,NY,False,approved,False,
2024-11-27 15:52:00,T000743,C0180,credit_card,NY,False,approved,False,
2024-11-27 16:30:00,T000616,C0094,credit_card,FL,False,approved,False,
2024-11-27 18:27:00,T000782,C0154,auto_loan,NY,False,approved,False,
2024-11-28 07:40:00,T000934,C0169,credit_card,WA,False,approved,False,
2024-11-28 09:16:00,T000502,C0103,mortgage,FL,False,approved,False,
2024-11-28 09:41:00,T000771,C0168,auto_loan,GA,False,approved,False,
2024-11-28 11:18:00,T000003,C0012,personal_loan,OH,False,denied,False,
2024-11-28 14:10:00,T000244,C0057,credit_card,IL,False,approved,False,
2024-11-28 14:50:00,T000824,C0236,personal_loan,OH,False,approved,False,
2024-11-28 17:45:00,T000652,C0066,credit_card,WA,False,approved,False,
2024-11-28 18:19:00,T000123,C0227,personal_loan,FL,False,approved,False,
2024-11-29 06:16:00,T000255,C0130,auto_loan,FL,False,approved,False,
2024-11-29 10:17:00,T000237,C0280,credit_card,GA,True,approved,False,
2024-11-29 11:26:00,T000819,C0258,credit_card,TX,True,approved,False,
2024-11-29 12:28:00,T000108,C0182,personal_loan,OH,False,approved,False,
2024-11-29 12:36:00,T000372,C0152,credit_card,CA,False,approved,False,
2024-11-29 12:55:00,T000156,C0110,credit_card,FL,False,approved,False,
2024-11-29 13:37:00,T000316,C0205,mortgage,TX,False,approved,False,
2024-11-29 13:46:00,T000822,C0125,credit_card,FL,False,approved,False,
2024-11-29 14:05:00,T000730,C0229,personal_loan,OH,False,approved,False,
2024-11-29 14:05:00,T000479,C0262,mortgage,CA,False,approved,False,
2024-11-29 15:29:00,T000311,C0056,personal_loan,AZ,False,approved,False,
2024-11-29 16:14:00,T000162,C0164,auto_loan,NY,False,approved,False,
2024-11-29 19:38:00,T000842,C0167,auto_loan,TX,False,approved,False,
2024-11-29 22:20:00,T000446,C0152,credit_card,TX,False,approved,False,
2024-11-30 05:36:00,T000122,C0224,personal_loan,IL,True,approved,False,
2024-11-30 08:18:00,T000257,C0095,auto_loan,FL,True,approved,False,
2024-11-30 08:21:00,T000080,C0171,personal_loan,OH,False,approved,False,
2024-11-30 10:10:00,T000283,C0067,auto_loan,AZ,False,approved,False,
2024-11-30 11:57:00,T000859,C0223,personal_loan,FL,False,approved,False,
2024-11-30 12:41:00,T000416,C0181,auto_loan,CA,True,approved,False,
2024-11-30 14:44:00,T000736,C0095,credit_card,CA,False,approved,False,
2024-11-30 16:37:00,T000312,C0179,mortgage,OH,False,denied,False,
2024-11-30 23:42:00,T000641,C0096,auto_loan,NY,False,denied,False,
2024-12-01 09:58:00,T000711,C0034,credit_card,CA,False,approved,False,
2024-12-01 10:05:00,T000049,C0267,auto_loan,WA,False,approved,False,
2024-12-01 11:24:00,T000813,C0125,mortgage,TX,True,approved,False,
2024-12-01 11:32:00,T000827,C0225,credit_card,AZ,False,approved,False,
2024-12-01 13:37:00,T000191,C0014,auto_loan,OH,False,approved,False,
2024-12-01 14:51:00,T000098,C0184,mortgage,AZ,True,approved,False,
2024-12-01 16:56:00,T000636,C0212,auto_loan,CA,True,approved,False,
2024-12-01 16:58:00,T000075,C0079,mortgage,AZ,False,approved,False,
2024-12-01 16:58:00,T000550,C0208,auto_loan,OH,False,approved,False,
2024-12-01 16:59:00,T000788,C0083,credit_card,WA,False,denied,False,
2024-12-01 18:17:00,T000615,C0196,credit_card,AZ,False,approved,False,
2024-12-01 23:05:00,T000060,C0041,auto_loan,NY,False,approved,False,
2024-12-02 07:28:00,T000175,C0145,credit_card,OH,False,denied,False,
2024-12-02 10:11:00,T000008,C0024,personal_loan,FL,False,approved,False,
2024-12-02 10:31:00,T000587,C0175,personal_loan,WA,True,approved,False,
2024-12-02 11:22:00,T000932,C0187,auto_loan,NY,False,approved,False,
2024-12-02 12:44:00,T000875,C0226,mortgage,FL,False,denied,False,
2024-12-02 13:37:00,T000204,C0130,mortgage,CO,False,denied,False,
2024-12-02 14:34:00,T000422,C0254,personal_loan,GA,False,denied,False,
2024-12-02 15:13:00,T000666,C0196,auto_loan,WA,False,approved,False,
2024-12-02 17:54:00,T000184,C0198,mortgage,AZ,False,approved,False,
2024-12-02 20:08:00,T000866,C0087,auto_loan,NY,False,approved,False,
2024-12-03 07:23:00,T000043,C0126,mortgage,CO,False,denied,False,
2024-12-03 09:18:00,T000892,C0187,auto_loan,CO,False,denied,False,
2024-12-03 10:44:00,T000223,C0049,credit_card,WA,False,denied,False,
2024-12-03 13:24:00,T000110,C0124,auto_loan,TX,False,approved,False,
2024-12-03 15:45:00,T000541,C0167,personal_loan,IL,True,approved,False,
2024-12-03 16:21:00,T000906,C0065,credit_card,FL,False,approved,False,
2024-12-03 18:08:00,T000086,C0178,mortgage,OH,False,approved,False,
2024-12-04 08:38:00,T000697,C0141,personal_loan,CA,False,approved,False,
2024-12-04 09:34:00,T000430,C0300,mortgage,GA,False,approved,False,
2024-12-04 09:53:00,T000225,C0214,auto_loan,CO,False,approved,False,
2024-12-04 10:52:00,T000774,C0049,personal_loan,CO,True,denied,False,
2024-12-04 11:31:00,T000212,C0093,credit_card,TX,False,denied,False,
2024-12-04 13:03:00,T000177,C0249,auto_loan,NY,False,approved,False,
2024-12-04 13:42:00,T000015,C0103,credit_card,FL,False,approved,False,
2024-12-04 15:15:00,T000395,C0157,credit_card,WA,False,approved,False,
2024-12-04 17:04:00,T000727,C0169,mortgage,CA,True,approved,False,
2024-12-04 17:23:00,T000236,C0083,auto_loan,GA,False,approved,False,
2024-12-05 05:34:00,T000737,C0167,personal_loan,IL,False,approved,False,
2024-12-05 06:33:00,T000793,C0124,credit_card,FL,False,approved,False,
2024-12-05 10:04:00,T000731,C0039,credit_card,NY,False,approved,False,
2024-12-05 11:28:00,T000318,C0223,auto_loan,WA,False,approved,False,
2024-12-05 12:01:00,T000681,C0020,personal_loan,WA,False,approved,False,
2024-12-05 12:46:00,T000760,C0246,credit_card,TX,False,approved,False,
2024-12-05 13:38:00,T000461,C0297,auto_loan,WA,False,denied,False,
2024-12-05 15:54:00,T000713,C0256,mortgage,CA,False,denied,False,
2024-12-05 16:16:00,T000174,C0152,personal_loan,OH,False,approved,False,
2024-12-05 16:47:00,T000676,C0062,auto_loan,FL,False,approved,False,
2024-12-05 22:59:00,T000317,C0183,auto_loan,AZ,False,approved,False,
2024-12-06 02:44:00,T000215,C0277,auto_loan,IL,True,approved,False,
2024-12-06 08:11:00,T000377,C0281,auto_loan,TX,False,approved,False,
2024-12-06 09:10:00,T000757,C0232,personal_loan,WA,False,approved,False,
2024-12-06 10:24:00,T000886,C0231,mortgage,AZ,False,denied,False,
2024-12-06 11:40:00,T000805,C0143,auto_loan,WA,False,approved,False,
2024-12-06 11:52:00,T000013,C0282,personal_loan,FL,False,approved,False,
2024-12-06 12:21:00,T000432,C0068,credit_card,GA,False,approved,False,
2024-12-06 13:46:00,T000739,C0127,auto_loan,IL,False,approved,False,
2024-12-06 14:44:00,T000557,C0264,auto_loan,CA,False,approved,False,
2024-12-06 17:36:00,T000631,C0137,personal_loan,CA,False,approved,False,
2024-12-06 17:38:00,T000603,C0018,auto_loan,GA,False,approved,False,
2024-12-06 17:55:00,T000471,C0240,credit_card,TX,False,approved,False,
2024-12-06 20:36:00,T000059,C0078,mortgage,CA,False,approved,False,
2024-12-06 23:32:00,T000662,C0132,personal_loan,IL,False,approved,False,
2024-12-07 09:07:00,T000360,C0027,personal_loan,IL,False,approved,False,
2024-12-07 09:37:00,T000512,C0228,personal_loan,TX,True,approved,False,
2024-12-07 10:18:00,T000062,C0090,auto_loan,IL,False,approved,False,
2024-12-07 10:41:00,T000463,C0103,credit_card,AZ,True,approved,False,
2024-12-07 11:10:00,T000391,C0105,auto_loan,GA,False,approved,False,
2024-12-07 13:12:00,T000878,C0281,auto_loan,TX,False,denied,False,
2024-12-07 13:45:00,T000895,C0032,auto_loan,CA,False,approved,False,
2024-12-07 13:54:00,T000493,C0198,auto_loan,NY,False,approved,False,
2024-12-07 17:44:00,T000378,C0233,auto_loan,IL,False,approved,False,
2024-12-08 01:04:00,T000051,C0144,credit_card,NY,False,approved,False,
2024-12-08 08:40:00,T000714,C0256,personal_loan,TX,False,approved,False,
2024-12-08 08:51:00,T000042,C0201,auto_loan,TX,False,approved,False,
2024-12-08 09:07:00,T000014,C0014,auto_loan,GA,False,approved,False,
2024-12-08 10:09:00,T000128,C0040,personal_loan,FL,False,denied,False,
2024-12-08 10:16:00,T000234,C0006,mortgage,OH,True,approved,False,
2024-12-08 10:22:00,T000423,C0250,mortgage,IL,False,approved,False,
2024-12-08 11:24:00,T000742,C0300,auto_loan,AZ,False,approved,False,
2024-12-08 11:56:00,T000657,C0192,credit_card,CO,True,approved,False,
2024-12-08 13:30:00,T000207,C0227,credit_card,OH,False,approved,False,
2024-12-08 15:10:00,T000247,C0204,mortgage,TX,False,denied,False,
2024-12-08 15:17:00,T000489,C0031,auto_loan,OH,False,approved,False,
2024-12-09 09:59:00,T000402,C0167,mortgage,IL,False,approved,False,
2024-12-09 10:26:00,T000320,C0100,mortgage,OH,False,approved,False,
2024-12-09 10:43:00,T000836,C0104,auto_loan,NY,True,approved,False,
2024-12-09 10:54:00,T000089,C0104,personal_loan,AZ,False,denied,False,
2024-12-09 12:17:00,T000002,C0043,auto_loan,NY,True,approved,False,
2024-12-09 12:25:00,T000864,C0050,auto_loan,FL,False,approved,False,
2024-12-09 13:17:00,T000911,C0055,credit_card,CA,False,approved,False,
2024-12-09 13:29:00,T000645,C0288,credit_card,TX,False,approved,False,
2024-12-09 13:31:00,T000734,C0046,mortgage,GA,True,approved,False,
2024-12-09 15:53:00,T000173,C0259,personal_loan,IL,False,approved,False,
2024-12-09 22:59:00,T000370,C0084,personal_loan,WA,False,approved,False,
2024-12-10 00:55:00,T000690,C0132,mortgage,CA,True,approved,False,
2024-12-10 06:45:00,T000918,C0144,credit_card,WA,True,approved,False,
2024-12-10 08:44:00,T000160,C0278,auto_loan,WA,True,approved,False,
2024-12-10 10:32:00,T000016,C0229,auto_loan,FL,False,approved,False,
2024-12-10 10:52:00,T000613,C0231,credit_card,CA,False,approved,False,
2024-12-10 11:05:00,T000815,C0131,credit_card,TX,False,approved,False,
2024-12-10 11:05:00,T000476,C0117,personal_loan,CA,True,approved,False,
2024-12-10 11:21:00,T000602,C0124,personal_loan,CO,True,approved,False,
2024-12-10 11:37:00,T000112,C0095,auto_loan,FL,False,approved,False,
2024-12-10 12:16:00,T000278,C0283,personal_loan,OH,False,approved,False,
2024-12-10 12:29:00,T000210,C0197,auto_loan,CA,False,approved,False,
2024-12-10 13:21:00,T000249,C0168,credit_card,CA,False,approved,False,
2024-12-10 13:33:00,T000806,C0045,personal_loan,NY,False,approved,False,
2024-12-10 14:07:00,T000025,C0085,personal_loan,FL,True,approved,False,
2024-12-10 14:47:00,T000766,C0165,credit_card,NY,False,approved,False,
2024-12-10 15:06:00,T000106,C0078,personal_loan,TX,False,approved,False,
2024-12-10 15:43:00,T000050,C0233,credit_card,OH,False,approved,False,
2024-12-10 16:05:00,T000107,C0018,mortgage,NY,False,denied,False,
2024-12-10 17:07:00,T000725,C0231,auto_loan,FL,True,approved,False,
2024-12-10 21:09:00,T000598,C0262,personal_loan,WA,True,approved,False,
2024-12-11 07:12:00,T000213,C0196,mortgage,IL,False,denied,False,
2024-12-11 08:13:00,T000639,C0199,auto_loan,WA,False,denied,False,
2024-12-11 09:30:00,T000071,C0142,auto_loan,TX,False,denied,False,
2024-12-11 09:49:00,T000716,C0014,personal_loan,NY,False,approved,False,
2024-12-11 10:10:00,T000484,C0225,mortgage,WA,True,denied,False,
2024-12-11 12:20:00,T000105,C0076,personal_loan,TX,False,approved,False,
2024-12-11 12:33:00,T000261,C0291,auto_loan,TX,False,approved,False,
2024-12-11 13:38:00,T000745,C0243,credit_card,TX,False,approved,False,
2024-12-11 15:06:00,T000692,C0276,personal_loan,IL,False,approved,False,
2024-12-11 18:10:00,T000135,C0137,mortgage,CA,False,approved,False,
2024-12-11 19:49:00,T000559,C0188,personal_loan,IL,False,approved,False,
2024-12-12 06:26:00,T000551,C0175,auto_loan,CA,True,denied,False,
2024-12-12 07:45:00,T000291,C0108,mortgage,NY,False,approved,False,
2024-12-12 08:04:00,T000472,C0037,auto_loan,CA,False,approved,False,
2024-12-12 08:50:00,T000654,C0199,mortgage,IL,False,approved,False,
2024-12-12 09:06:00,T000686,C0147,personal_loan,GA,False,approved,False,
2024-12-12 10:56:00,T000103,C0214,mortgage,GA,False,approved,False,
2024-12-12 12:39:00,T000092,C0135,credit_card,NY,False,approved,False,
2024-12-12 13:29:00,T000336,C0083,auto_loan,WA,False,approved,False,
2024-12-12 13:30:00,T000860,C0248,auto_loan,CO,False,approved,False,
2024-12-12 13:47:00,T000591,C0173,credit_card,CO,True,denied,False,
2024-12-12 13:48:00,T000596,C0096,mortgage,GA,True,denied,False,
2024-12-12 16:30:00,T000852,C0169,mortgage,AZ,False,approved,False,
2024-12-12 16:55:00,T000837,C0136,mortgage,CO,False,approved,False,
2024-12-12 17:40:00,T000428,C0119,personal_loan,CA,False,approved,False,
2024-12-12 18:16:00,T000227,C0106,mortgage,CA,False,approved,False,
2024-12-13 10:10:00,T000885,C0244,auto_loan,CO,True,approved,False,
2024-12-13 10:37:00,T000741,C0046,auto_loan,CO,False,denied,False,
2024-12-13 11:36:00,T000166,C0297,auto_loan,AZ,False,approved,False,
2024-12-13 13:30:00,T000849,C0293,auto_loan,CA,False,approved,False,
2024-12-13 15:26:00,T000149,C0276,credit_card,IL,False,approved,False,
2024-12-13 16:15:00,T000514,C0189,mortgage,CA,False,denied,False,
2024-12-13 20:05:00,T000867,C0173,personal_loan,TX,False,denied,False,
2024-12-14 09:08:00,T000084,C0104,mortgage,OH,True,approved,False,
2024-12-14 10:07:00,T000482,C0245,personal_loan,CO,True,approved,False,
2024-12-14 10:28:00,T000334,C0128,credit_card,TX,True,approved,False,
2024-12-14 11:17:00,T000794,C0104,credit_card,TX,False,approved,False,
2024-12-14 11:51:00,T000101,C0231,personal_loan,FL,False,approved,False,
2024-12-14 12:15:00,T000090,C0045,credit_card,IL,False,approved,False,
2024-12-14 12:28:00,T000605,C0154,mortgage,FL,False,denied,False,
2024-12-14 12:40:00,T000388,C0133,personal_loan,AZ,False,approved,False,
2024-12-14 12:46:00,T000545,C0143,auto_loan,NY,False,approved,False,
2024-12-14 12:59:00,T000433,C0298,auto_loan,NY,False,approved,False,
2024-12-14 13:18:00,T000028,C0257,auto_loan,TX,False,approved,False,
2024-12-14 13:51:00,T000302,C0121,auto_loan,TX,False,denied,False,
2024-12-14 15:23:00,T000524,C0110,personal_loan,CA,False,approved,False,
2024-12-14 16:45:00,T000038,C0257,auto_loan,CA,True,approved,False,
2024-12-14 17:52:00,T000553,C0086,auto_loan,GA,True,approved,False,
2024-12-15 08:37:00,T000093,C0056,auto_loan,WA,False,approved,False,
2024-12-15 09:20:00,T000590,C0187,personal_loan,NY,False,approved,False,
2024-12-15 09:51:00,T000459,C0043,auto_loan,WA,True,approved,False,
2024-12-15 10:46:00,T000582,C0003,personal_loan,GA,False,denied,False,
2024-12-15 12:58:00,T000019,C0233,credit_card,CO,False,denied,False,
2024-12-15 13:24:00,T000611,C0033,auto_loan,NY,True,approved,False,
2024-12-15 13:59:00,T000816,C0126,personal_loan,GA,False,approved,False,
2024-12-15 16:35:00,T000868,C0153,auto_loan,NY,False,approved,False,
2024-12-15 18:11:00,T000589,C0186,mortgage,TX,False,denied,False,
2024-12-15 22:23:00,T000513,C0260,mortgage,TX,True,approved,False,
2024-12-16 08:06:00,T000882,C0278,auto_loan,GA,False,approved,False,
2024-12-16 09:33:00,T000643,C0276,credit_card,CA,False,approved,False,
2024-12-16 09:45:00,T000780,C0277,credit_card,AZ,False,approved,False,
2024-12-16 10:39:00,T000125,C0056,personal_loan,NY,False,denied,False,
2024-12-16 11:04:00,T000775,C0273,mortgage,FL,True,denied,False,
2024-12-16 11:09:00,T000560,C0069,auto_loan,GA,False,approved,False,
2024-12-16 12:05:00,T000723,C0111,mortgage,IL,False,approved,False,
2024-12-16 12:45:00,T000477,C0273,mortgage,CO,False,approved,False,
2024-12-16 13:13:00,T000865,C0247,personal_loan,TX,False,denied,False,
2024-12-16 15:33:00,T000856,C0007,auto_loan,GA,False,denied,False,
2024-12-16 15:37:00,T000835,C0251,personal_loan,GA,False,approved,False,
2024-12-16 15:49:00,T000650,C0185,credit_card,TX,False,approved,False,
2024-12-16 17:24:00,T000361,C0039,personal_loan,FL,False,approved,False,
2024-12-16 18:07:00,T000297,C0113,mortgage,CO,False,approved,False,
2024-12-16 22:01:00,T000146,C0186,mortgage,NY,True,approved,False,
2024-12-17 08:30:00,T000006,C0040,mortgage,AZ,False,denied,False,
2024-12-17 08:45:00,T000829,C0250,auto_loan,FL,False,approved,False,
2024-12-17 08:59:00,T000151,C0277,auto_loan,IL,True,approved,False,
2024-12-17 10:44:00,T000668,C0211,personal_loan,FL,False,approved,False,
2024-12-17 10:48:00,T000232,C0148,personal_loan,CA,True,approved,False,
2024-12-17 12:35:00,T000610,C0275,auto_loan,OH,False,approved,False,
2024-12-17 12:42:00,T000037,C0239,auto_loan,NY,False,approved,False,
2024-12-17 14:01:38,INJ_005,C0224,personal_loan,TX,False,approved,True,A1_volume_spike_TX
2024-12-17 14:06:17,INJ_013,C0089,mortgage,TX,False,approved,True,A1_volume_spike_TX
2024-12-17 14:07:34,INJ_001,C0207,mortgage,TX,True,approved,True,A1_volume_spike_TX
2024-12-17 14:07:41,INJ_011,C0075,auto_loan,TX,True,approved,True,A1_volume_spike_TX
2024-12-17 14:10:58,INJ_004,C0017,personal_loan,TX,True,approved,True,A1_volume_spike_TX
2024-12-17 14:14:58,INJ_007,C0282,credit_card,TX,False,approved,True,A1_volume_spike_TX
2024-12-17 14:16:00,INJ_020,C0002,mortgage,TX,False,denied,True,A1_volume_spike_TX
2024-12-17 14:16:19,INJ_014,C0197,auto_loan,TX,False,approved,True,A1_volume_spike_TX
2024-12-17 14:23:46,INJ_017,C0246,personal_loan,TX,False,approved,True,A1_volume_spike_TX
2024-12-17 14:30:14,INJ_012,C0012,auto_loan,TX,False,approved,True,A1_volume_spike_TX
2024-12-17 14:31:29,INJ_002,C0011,credit_card,TX,False,approved,True,A1_volume_spike_TX
2024-12-17 14:31:51,INJ_010,C0151,mortgage,TX,True,approved,True,A1_volume_spike_TX
2024-12-17 14:32:50,INJ_006,C0265,mortgage,TX,False,denied,True,A1_volume_spike_TX
2024-12-17 14:33:24,INJ_009,C0201,credit_card,TX,False,approved,True,A1_volume_spike_TX
2024-12-17 14:36:05,INJ_008,C0061,personal_loan,TX,False,approved,True,A1_volume_spike_TX
2024-12-17 14:38:36,INJ_022,C0003,personal_loan,TX,False,approved,True,A1_volume_spike_TX
2024-12-17 14:39:58,INJ_023,C0236,personal_loan,TX,False,approved,True,A1_volume_spike_TX
2024-12-17 14:41:03,INJ_003,C0040,personal_loan,TX,False,approved,True,A1_volume_spike_TX
2024-12-17 14:45:48,INJ_018,C0281,personal_loan,TX,False,approved,True,A1_volume_spike_TX
2024-12-17 14:46:05,INJ_016,C0207,mortgage,TX,False,approved,True,A1_volume_spike_TX
2024-12-17 14:47:25,INJ_024,C0178,auto_loan,TX,False,denied,True,A1_volume_spike_TX
2024-12-17 14:50:25,INJ_019,C0154,auto_loan,TX,False,approved,True,A1_volume_spike_TX
2024-12-17 14:52:10,INJ_015,C0226,mortgage,TX,True,approved,True,A1_volume_spike_TX
2024-12-17 14:53:04,INJ_000,C0052,auto_loan,TX,True,denied,True,A1_volume_spike_TX
2024-12-17 14:55:20,INJ_021,C0255,personal_loan,TX,False,approved,True,A1_volume_spike_TX
2024-12-17 15:12:00,T000427,C0253,mortgage,GA,True,denied,False,
2024-12-18 06:01:00,T000504,C0065,personal_loan,TX,False,approved,False,
2024-12-18 10:02:00,T000558,C0295,personal_loan,GA,False,denied,False,
2024-12-18 10:02:08,INJ_038,C0257,mortgage,CA,True,denied,True,A2_approval_rate_drop_CA
2024-12-18 10:06:24,INJ_030,C0294,mortgage,CA,True,denied,True,A2_approval_rate_drop_CA
2024-12-18 10:08:10,INJ_044,C0190,mortgage,CA,False,denied,True,A2_approval_rate_drop_CA
2024-12-18 10:08:50,INJ_034,C0104,mortgage,CA,False,denied,True,A2_approval_rate_drop_CA
2024-12-18 10:08:52,INJ_029,C0059,mortgage,CA,True,denied,True,A2_approval_rate_drop_CA
2024-12-18 10:11:05,INJ_027,C0219,mortgage,CA,True,denied,True,A2_approval_rate_drop_CA
2024-12-18 10:13:26,INJ_041,C0106,mortgage,CA,False,denied,True,A2_approval_rate_drop_CA
2024-12-18 10:18:33,INJ_032,C0254,mortgage,CA,True,denied,True,A2_approval_rate_drop_CA
2024-12-18 10:21:58,INJ_025,C0112,mortgage,CA,True,denied,True,A2_approval_rate_drop_CA
2024-12-18 10:22:37,INJ_035,C0180,mortgage,CA,True,denied,True,A2_approval_rate_drop_CA
2024-12-18 10:26:24,INJ_037,C0134,mortgage,CA,False,denied,True,A2_approval_rate_drop_CA
2024-12-18 10:27:54,INJ_040,C0246,mortgage,CA,False,denied,True,A2_approval_rate_drop_CA
2024-12-18 10:27:57,INJ_031,C0297,mortgage,CA,False,denied,True,A2_approval_rate_drop_CA
2024-12-18 10:29:09,INJ_039,C0094,mortgage,CA,False,denied,True,A2_approval_rate_drop_CA
2024-12-18 10:38:01,INJ_043,C0054,mortgage,CA,False,denied,True,A2_approval_rate_drop_CA
2024-12-18 10:39:32,INJ_036,C0162,mortgage,CA,True,denied,True,A2_approval_rate_drop_CA
2024-12-18 10:40:23,INJ_033,C0119,mortgage,CA,True,denied,True,A2_approval_rate_drop_CA
2024-12-18 10:42:37,INJ_028,C0065,mortgage,CA,False,denied,True,A2_approval_rate_drop_CA
2024-12-18 10:49:40,INJ_042,C0290,mortgage,CA,False,approved,True,A2_approval_rate_drop_CA
2024-12-18 10:58:31,INJ_026,C0206,mortgage,CA,False,approved,True,A2_approval_rate_drop_CA
2024-12-18 12:12:00,T000492,C0117,credit_card,CA,True,approved,False,
2024-12-18 13:55:00,T000396,C0209,credit_card,CA,True,approved,False,
2024-12-18 18:59:00,T000921,C0292,credit_card,AZ,False,approved,False,
2024-12-19 09:09:00,T000517,C0081,auto_loan,OH,True,approved,False,
2024-12-19 11:03:23,INJ_054,C0228,personal_loan,AZ,True,approved,True,A3_volume_spike_new_customers
2024-12-19 11:10:01,INJ_051,C0067,personal_loan,CA,True,approved,True,A3_volume_spike_new_customers
2024-12-19 11:12:27,INJ_046,C0089,personal_loan,WA,True,approved,True,A3_volume_spike_new_customers
2024-12-19 11:12:56,INJ_060,C0182,credit_card,WA,True,approved,True,A3_volume_spike_new_customers
2024-12-19 11:19:50,INJ_063,C0046,personal_loan,CO,True,denied,True,A3_volume_spike_new_customers
2024-12-19 11:20:43,INJ_061,C0208,personal_loan,CA,True,approved,True,A3_volume_spike_new_customers
2024-12-19 11:21:36,INJ_045,C0250,credit_card,TX,True,approved,True,A3_volume_spike_new_customers
2024-12-19 11:27:05,INJ_055,C0169,personal_loan,TX,True,denied,True,A3_volume_spike_new_customers
2024-12-19 11:28:42,INJ_048,C0135,credit_card,FL,True,denied,True,A3_volume_spike_new_customers
2024-12-19 11:30:12,INJ_056,C0112,credit_card,OH,True,approved,True,A3_volume_spike_new_customers
2024-12-19 11:30:43,INJ_057,C0273,credit_card,CO,True,denied,True,A3_volume_spike_new_customers
2024-12-19 11:34:55,INJ_047,C0034,credit_card,CO,True,approved,True,A3_volume_spike_new_customers
2024-12-19 11:35:49,INJ_052,C0119,credit_card,CA,True,approved,True,A3_volume_spike_new_customers
2024-12-19 11:39:03,INJ_049,C0136,personal_loan,AZ,True,approved,True,A3_volume_spike_new_customers
2024-12-19 11:39:12,INJ_053,C0225,credit_card,TX,True,approved,True,A3_volume_spike_new_customers
2024-12-19 11:41:00,INJ_064,C0106,personal_loan,IL,True,approved,True,A3_volume_spike_new_customers
2024-12-19 11:50:04,INJ_062,C0258,personal_loan,NY,True,approved,True,A3_volume_spike_new_customers
2024-12-19 11:50:11,INJ_050,C0141,personal_loan,CA,True,denied,True,A3_volume_spike_new_customers
2024-12-19 11:56:38,INJ_059,C0290,credit_card,WA,True,approved,True,A3_volume_spike_new_customers
2024-12-19 11:59:38,INJ_058,C0095,credit_card,TX,True,denied,True,A3_volume_spike_new_customers
2024-12-19 12:10:00,T000375,C0086,personal_loan,FL,False,approved,False,
2024-12-19 13:03:00,T000812,C0053,auto_loan,CO,False,approved,False,
2024-12-19 17:12:00,T000781,C0086,credit_card,OH,True,approved,False,
2024-12-19 18:58:00,T000035,C0128,mortgage,WA,False,approved,False,
2024-12-19 19:29:00,T000904,C0132,auto_loan,CA,True,approved,False,
2024-12-20 03:09:00,T000358,C0038,mortgage,CA,False,approved,False,
2024-12-20 09:06:00,T000048,C0158,credit_card,GA,True,approved,False,
2024-12-20 09:54:00,T000579,C0064,personal_loan,WA,False,approved,False,
2024-12-20 10:44:00,T000362,C0285,mortgage,IL,False,denied,False,
2024-12-20 11:02:00,T000828,C0282,personal_loan,CA,True,approved,False,
2024-12-20 12:02:00,T000740,C0074,auto_loan,FL,False,approved,False,
2024-12-20 12:07:00,T000565,C0157,auto_loan,GA,True,approved,False,
2024-12-20 13:49:00,T000364,C0139,mortgage,OH,False,approved,False,
2024-12-20 13:54:00,T000304,C0054,mortgage,TX,False,denied,False,
2024-12-20 15:11:00,T000389,C0276,personal_loan,CA,False,denied,False,
2024-12-20 16:12:00,T000095,C0224,auto_loan,GA,False,approved,False,
2024-12-21 00:49:00,T000179,C0049,personal_loan,CA,False,approved,False,
2024-12-21 01:58:00,T000067,C0132,auto_loan,NY,False,approved,False,
2024-12-21 11:35:00,T000202,C0023,personal_loan,NY,True,approved,False,
2024-12-21 11:36:00,T000843,C0005,auto_loan,TX,False,approved,False,
2024-12-21 14:27:00,T000592,C0188,mortgage,IL,False,approved,False,
2024-12-21 14:57:00,T000840,C0299,mortgage,IL,True,denied,False,
2024-12-21 20:22:00,T000220,C0291,auto_loan,NY,False,approved,False,
2024-12-21 23:06:00,T000345,C0036,mortgage,OH,False,approved,False,
2024-12-22 00:04:00,T000530,C0057,auto_loan,WA,False,approved,False,
2024-12-22 08:55:00,T000715,C0021,credit_card,CA,False,approved,False,
2024-12-22 09:19:00,T000642,C0068,personal_loan,NY,False,approved,False,
2024-12-22 11:30:00,T000324,C0023,personal_loan,CA,False,denied,False,
2024-12-22 11:37:00,T000804,C0147,mortgage,NY,False,approved,False,
2024-12-22 12:53:00,T000669,C0245,auto_loan,CA,False,approved,False,
2024-12-22 13:07:00,T000733,C0066,personal_loan,NY,False,approved,False,
2024-12-22 14:50:00,T000529,C0159,auto_loan,CA,False,denied,False,
2024-12-22 15:29:00,T000153,C0075,mortgage,CA,False,approved,False,
2024-12-23 03:47:00,T000577,C0172,credit_card,CA,False,approved,False,
2024-12-23 06:28:00,T000693,C0112,credit_card,GA,False,approved,False,
2024-12-23 07:08:00,T000264,C0123,personal_loan,OH,False,approved,False,
2024-12-23 08:14:00,T000470,C0066,personal_loan,CA,False,approved,False,
2024-12-23 08:15:00,T000586,C0096,mortgage,WA,False,denied,False,
2024-12-23 09:35:00,T000862,C0136,auto_loan,FL,False,approved,False,
2024-12-23 09:46:00,T000421,C0039,credit_card,OH,False,approved,False,
2024-12-23 12:47:00,T000491,C0297,credit_card,AZ,False,approved,False,
2024-12-23 13:10:00,T000452,C0150,mortgage,CA,False,approved,False,
2024-12-23 14:07:00,T000722,C0060,mortgage,CO,False,approved,False,
2024-12-23 14:37:00,T000024,C0086,credit_card,CA,False,approved,False,
2024-12-23 14:53:00,T000438,C0081,credit_card,NY,False,approved,False,
2024-12-23 15:02:00,T000061,C0253,mortgage,IL,True,approved,False,
2024-12-23 18:51:00,T000527,C0295,auto_loan,TX,False,approved,False,
2024-12-23 20:16:00,T000499,C0199,credit_card,FL,False,approved,False,
2024-12-24 09:10:00,T000754,C0127,personal_loan,OH,True,approved,False,
2024-12-24 11:57:00,T000409,C0267,personal_loan,CO,False,approved,False,
2024-12-24 12:20:00,T000286,C0151,credit_card,CO,False,denied,False,
2024-12-24 13:45:00,T000764,C0165,credit_card,IL,False,approved,False,
2024-12-24 14:38:00,T000181,C0203,auto_loan,OH,False,approved,False,
2024-12-24 15:09:00,T000081,C0020,auto_loan,OH,False,approved,False,
2024-12-24 16:24:00,T000680,C0060,personal_loan,FL,False,approved,False,
2024-12-24 16:36:00,T000319,C0053,auto_loan,TX,False,approved,False,
2024-12-24 17:11:00,T000348,C0041,auto_loan,OH,False,approved,False,
2024-12-24 20:45:00,T000382,C0035,personal_loan,AZ,False,approved,False,
2024-12-25 07:12:00,T000671,C0061,auto_loan,NY,False,approved,False,
2024-12-25 07:43:00,T000926,C0012,credit_card,WA,False,approved,False,
2024-12-25 07:52:00,T000776,C0091,credit_card,CO,False,approved,False,
2024-12-25 09:09:00,T000763,C0017,auto_loan,CO,False,denied,False,
2024-12-25 09:24:00,T000383,C0180,credit_card,FL,False,denied,False,
2024-12-25 09:45:00,T000340,C0119,credit_card,CA,False,approved,False,
2024-12-25 11:30:00,T000571,C0067,auto_loan,OH,False,approved,False,
2024-12-25 11:55:00,T000640,C0179,credit_card,IL,True,approved,False,
2024-12-25 14:07:00,T000694,C0252,auto_loan,NY,False,denied,False,
2024-12-25 14:18:00,T000293,C0135,auto_loan,FL,False,approved,False,
2024-12-26 08:12:00,T000274,C0205,personal_loan,AZ,True,approved,False,
2024-12-26 08:20:00,T000649,C0170,mortgage,WA,False,approved,False,
2024-12-26 08:24:00,T000337,C0208,mortgage,GA,False,denied,False,
2024-12-26 08:57:00,T000683,C0258,personal_loan,IL,False,approved,False,
2024-12-26 09:39:00,T000195,C0195,mortgage,NY,False,approved,False,
2024-12-26 10:08:00,T000503,C0255,mortgage,FL,False,approved,False,
2024-12-26 10:11:00,T000451,C0214,credit_card,CA,True,approved,False,
2024-12-26 12:55:00,T000853,C0246,auto_loan,FL,False,approved,False,
2024-12-26 14:26:00,T000751,C0243,credit_card,CO,False,approved,False,
2024-12-26 15:02:00,T000515,C0199,auto_loan,CA,False,approved,False,
2024-12-26 15:09:00,T000466,C0037,credit_card,IL,False,approved,False,
2024-12-26 17:26:00,T000684,C0152,auto_loan,OH,False,approved,False,
2024-12-26 20:09:00,T000448,C0267,auto_loan,GA,True,approved,False,
2024-12-26 23:42:00,T000200,C0002,mortgage,NY,True,denied,False,
2024-12-27 04:25:00,T000404,C0067,mortgage,AZ,False,denied,False,
2024-12-27 09:15:00,T000417,C0107,credit_card,CO,False,approved,False,
2024-12-27 10:11:00,T000046,C0144,auto_loan,TX,False,denied,False,
2024-12-27 10:27:00,T000861,C0066,auto_loan,CA,False,approved,False,
2024-12-27 10:47:00,T000325,C0121,credit_card,WA,True,approved,False,
2024-12-27 10:48:00,T000441,C0061,personal_loan,OH,False,approved,False,
2024-12-27 10:52:00,T000355,C0023,auto_loan,CO,False,approved,False,
2024-12-27 11:02:00,T000208,C0083,credit_card,TX,True,denied,False,
2024-12-27 11:40:00,T000012,C0284,auto_loan,IL,False,approved,False,
2024-12-27 13:05:00,T000609,C0091,mortgage,FL,False,approved,False,
2024-12-27 13:36:00,T000797,C0283,mortgage,CO,False,denied,False,
2024-12-27 14:51:00,T000064,C0026,credit_card,AZ,True,approved,False,
2024-12-28 06:40:00,T000914,C0053,credit_card,FL,True,approved,False,
2024-12-28 08:38:00,T000772,C0051,credit_card,GA,False,approved,False,
2024-12-28 11:17:00,T000894,C0093,mortgage,FL,False,denied,False,
2024-12-28 13:00:00,T000594,C0022,personal_loan,WA,False,approved,False,
2024-12-28 15:06:00,T000141,C0068,auto_loan,CA,False,approved,False,
2024-12-28 15:28:00,T000851,C0070,mortgage,NY,False,denied,False,
2024-12-28 23:31:00,T000555,C0186,personal_loan,CO,False,denied,False,
2024-12-29 08:04:00,T000265,C0219,auto_loan,NY,False,approved,False,
2024-12-29 08:13:00,T000347,C0129,personal_loan,CA,False,approved,False,
2024-12-29 08:40:00,T000401,C0088,auto_loan,IL,False,approved,False,
2024-12-29 08:45:00,T000810,C0216,personal_loan,FL,False,approved,False,
2024-12-29 10:49:00,T000820,C0280,personal_loan,NY,False,approved,False,
2024-12-29 11:31:00,T000691,C0179,credit_card,IL,False,approved,False,
2024-12-29 12:50:00,T000511,C0159,mortgage,AZ,False,approved,False,
2024-12-29 13:35:00,T000161,C0064,personal_loan,CA,True,approved,False,
2024-12-29 14:07:00,T000356,C0242,credit_card,TX,False,approved,False,
2024-12-29 21:31:00,T000145,C0175,credit_card,NY,False,approved,False,
